"Saguache,CO","SAGUACHE,CO"

"Saguache,CO","SAGUACHE,CO"

"Saguache,CO","SAGUACHE,CO"

"Saguache,CO","SAGUACHE,CO"

"Saguache,CO","SAGUACHE,CO"

"Saguache,CO","SAGUACHE,CO"

"Saguache,CO","SAGUACHE,CO"

"Saguache,CO","SAGUACHE,CO"

"Saguache,CO","SAGUACHE,CO"

"Saguache,CO","SAGUACHE,CO"

"Saguache,CO","SAGUACHE,CO"

"Saguache,CO","SAGUACHE,CO"

"Saguache,CO","SAGUACHE,CO"

"Saguache,CO","SAGUACHE,CO"

"Saguache,CO","SAGUACHE,CO"

"Saguache,CO","SAGUACHE,CO"

"Saguache,CO","SAGUACHE,CO"

"Saguache,CO","SAGUACHE,CO"

"Saguache,CO","SAGUACHE,CO"

"Saguache,CO","SAGUACHE,CO"

"Saguache,CO","SAGUACHE,CO"

"Saguache,CO","SAGUACHE,CO"

"Saguache,CO","SAGUACHE,CO"

"Saguache,CO","SAGUACHE,CO"

"Saguache,CO","SAGUACHE,CO"

"Saguache,CO","SAGUACHE,CO"

"Saguache,CO","SAGUACHE,CO"

"Saguache,CO","SAGUACHE,CO"

"Saguache,CO","SAGUACHE,CO"

"Saguache,CO","SAGUACHE,CO"

"Saguache,CO","SAGUACHE,CO"

"Saguache,CO","SAGUACHE,CO"

"Saguache,CO","SAGUACHE,CO"

